"","MTurk_ID","username","id","isMod","isObserver","isPuppet","n_reports","puppet","report","issued_posts","received_views","received_likes","received_comments","issued_like","issued_comment","role","QID3","Q1","Q2","Q3","Q4","Q5","Q6","Q7","Q8","Q9","Q10","Q11","Q12","Q13","Q14_1","Q14_2","Q14_3","Q14_4","Q14_5","Q14_6","Q14_7","Q15_1","Q15_2","Q15_3","Q15_4","Q15_5","Q15_6","Q15_7","Q16","Q17","Q18","Q19","Q20","Q21","Q22","Q23","Q24","Q25","Strategy"
"1","A10IUXCZBNYUXC","Jacob_1907",2658,"f","f","f",17,"0","1",25,18611,57,132,30,38,"Participant","4.0","1.0","1985","1.0","1.0","2.0","2.0","3.0","4.0","4.0","2.0","2.0","4.0","1.0","1.0","4.0","2.0","2.0","1.0","4.0","1.0","1.0","1.0","1.0","3.0","2.0","1.0","3.0","2.0","2.0","2.0","2.0","1.0","1.0","2.0","1.0","4.0","2.0",NA
"2","A15F2JTVAJXITI","Luke_3376",2297,"f","t","f",0,"0","0",0,0,0,0,0,0,"Observer","4.0","1.0","1978","2.0","1.0","4.0","4.0","6.0","9.0","5.0","1.0","4.0","3.0","2.0","3.0","3.0","3.0","3.0","3.0","3.0","1.0","1.0","1.0","2.0","4.0","3.0","4.0","3.0","4.0","1.0","3.0","1.0","3.0","1.0","3.0","1.0","4.0","1.0",NA
"3","A173A97OFDAX9F","Claire_679",2601,"f","f","f",0,"0","0",4,190,1,2,0,67,"Participant","4.0","1.0","1995","2.0","5.0","6.0","4.0","5.0","8.0","3.0","1.0","3.0","4.0","2.0","1.0","1.0","2.0","2.0","1.0","2.0","1.0","1.0","1.0","1.0","1.0","1.0","1.0","2.0","3.0","1.0","2.0","2.0","1.0","1.0","2.0","1.0","3.0","3.0",NA
"4","A18XVBWB2A270I","Katherine_2323",2338,"f","t","f",0,"0","0",0,0,0,0,0,0,"Observer","4.0","1.0","1988","2.0","5.0","6.0","4.0","5.0","2.0","3.0","1.0","3.0","3.0","2.0","1.0","3.0","3.0","3.0","1.0","2.0","1.0","1.0","1.0","1.0","2.0","1.0","1.0","3.0","2.0","1.0","2.0","4.0","2.0","2.0","2.0","1.0","1.0","3.0",NA
"5","A1AIMKA54UBYIQ","Asia_4906",2638,"f","f","f",1,"0","1",9,522,1,4,0,47,"Participant","4.0","1.0","1995","2.0","1.0","5.0","4.0","5.0","4.0","3.0","2.0","3.0","4.0","1.0","2.0","4.0","1.0","1.0","1.0","3.0","1.0","2.0","2.0","1.0","4.0","4.0","1.0","4.0","2.0","3.0","3.0","2.0","1.0","2.0","2.0","2.0","4.0","3.0",NA
"6","A1B9H14AV44C0G","Amy_3504",2701,"f","f","f",0,"0","0",31,2781,3,3,31,35,"Participant","4.0","1.0","1973","2.0","3.0","6.0","4.0","5.0","2.0","3.0","1.0","4.0","4.0","2.0","1.0","3.0","4.0","4.0","3.0","3.0","1.0","2.0","1.0","1.0","4.0","4.0","3.0","4.0","2.0","2.0","2.0","2.0","3.0","2.0","1.0","1.0","2.0","3.0",NA
"7","A1CGW3DQ5JRSJH","Asia_3576",2340,"f","t","f",0,"0","0",0,0,0,0,0,0,"Observer","4.0","1.0","1974","2.0","1.0","3.0","2.0","4.0","8.0","3.0","2.0","4.0","4.0","2.0","1.0","3.0","3.0","3.0","2.0","4.0","2.0","2.0","2.0","2.0","4.0","2.0","1.0","4.0","3.0","1.0","2.0","2.0","2.0","2.0","2.0","1.0","1.0","3.0",NA
"8","A1DCKRRPA4AWVD","Kathryn_3504",2719,"f","f","f",0,"0","0",1,1643,6,4,0,9,"Participant","4.0","1.0","1963","2.0","1.0","4.0","3.0","5.0","6.0","4.0","3.0","2.0","3.0","3.0","4.0","3.0","1.0","1.0","1.0","3.0","1.0","1.0","2.0","2.0","4.0","2.0","1.0","2.0","3.0","1.0","4.0","3.0","2.0","2.0","2.0","1.0","4.0","3.0",NA
"9","A1FG2G9TZSDN","Dustin_3915",2667,"f","f","f",1,"0","1",51,14954,38,71,36,56,"Participant","4.0","1.0","1972","2.0","1.0","7.0","5.0","5.0","7.0","1.0","1.0","4.0","4.0","2.0","2.0","2.0","3.0","4.0","2.0","3.0","2.0","1.0","4.0","3.0","4.0","3.0","1.0","3.0","3.0","1.0","4.0","3.0","1.0","1.0","1.0","1.0","3.0","3.0",NA
"10","A1H7XQCN2TQJM7","Jacob_9608",2342,"f","t","f",0,"0","0",0,0,0,0,0,0,"Observer","4.0","1.0","1973","2.0","1.0","3.0","3.0","4.0","2.0","5.0","4.0","2.0","3.0","4.0","4.0","3.0","4.0","4.0","1.0","4.0","2.0","3.0","3.0","3.0","4.0","4.0","2.0","3.0","2.0","4.0","3.0","1.0","4.0","2.0","2.0","2.0","4.0","1.0",NA
"11","A1O57XVTTB1PNZ","Connor_8803",2655,"f","f","f",0,"0","0",11,408,0,2,7,41,"Participant","4.0","1.0","1965","2.0","1.0","5.0","5.0","5.0","6.0","3.0","1.0","4.0","3.0","2.0","1.0","3.0","3.0","4.0","2.0","3.0","1.0","1.0","1.0","1.0","4.0","3.0","3.0","4.0","2.0","2.0","4.0","2.0","3.0","1.0","2.0","1.0","4.0","3.0",NA
"12","A1PBRKFHSF1OF8","Dustin_3123",2700,"f","f","f",0,"0","0",3,3096,15,12,0,4,"Participant","4.0","1.0","1985","2.0","1.0","2.0","1.0","5.0","5.0","4.0","2.0","2.0","3.0","1.0","2.0","3.0","3.0","4.0","1.0","4.0","1.0","1.0","2.0","1.0","3.0","4.0","4.0","4.0","2.0","3.0","2.0","1.0","2.0","1.0","2.0","1.0","4.0","2.0",NA
"13","A1TMEYQTC4RL9G","Hannah_5834",2722,"f","f","f",0,"0","0",6,183,0,2,7,8,"Participant","4.0","1.0","1988","2.0","1.0","5.0","4.0","6.0","8.0","3.0","1.0","3.0","4.0","2.0","2.0","2.0","3.0","3.0","1.0","3.0","1.0","1.0","1.0","1.0","2.0","3.0","4.0","4.0","3.0","2.0","2.0","4.0","3.0","2.0","2.0","1.0","4.0","3.0",NA
"14","A1Y2G0UNCX95NH","Diamond_3595",2604,"f","f","f",3,"0","1",8,5743,9,24,4,47,"Participant","4.0","1.0","1981","2.0","1.0","6.0","5.0","5.0","5.0","4.0","1.0","4.0","2.0","2.0","2.0","2.0","3.0","4.0","1.0","3.0","1.0","1.0","1.0","4.0","4.0","4.0","4.0","4.0","2.0","2.0","2.0","2.0","2.0","1.0","2.0","1.0","2.0","3.0",NA
"15","A2127GZJV2AID2","Claire_563",2629,"f","f","f",0,"0","0",0,0,0,0,3,2,"Participant","4.0","1.0","1966","1.0","1.0","6.0","4.0","6.0","9.0","3.0","1.0","4.0","4.0","2.0","1.0","1.0","2.0","3.0","1.0","2.0","1.0","1.0","1.0","1.0","3.0","1.0","2.0","2.0","3.0","1.0","2.0","1.0","2.0","1.0","1.0","1.0","2.0","3.0",NA
"16","A247TCDIBB07JC","Jenna_5040",2454,"f","f","t",0,"1","0",5,270,0,1,9,18,"Puppet","4.0","1.0","1975","1.0","1.0","4.0","3.0","6.0","6.0","4.0","2.0","4.0","3.0","2.0","4.0","4.0","4.0","4.0","2.0","4.0","1.0","4.0","3.0","2.0","3.0","4.0","1.0","4.0","3.0","1.0","3.0","2.0","2.0","1.0","2.0","2.0","4.0","3.0","COVERT"
"17","A247TCDIBB07JC","Cole_7125",2455,"f","f","t",4,"1","1",4,327,1,4,8,29,"Puppet","4.0","1.0","1975","1.0","1.0","4.0","3.0","6.0","6.0","4.0","2.0","4.0","3.0","2.0","4.0","4.0","4.0","4.0","2.0","4.0","1.0","4.0","3.0","2.0","3.0","4.0","1.0","4.0","3.0","1.0","3.0","2.0","2.0","1.0","2.0","2.0","4.0","3.0","COVERT"
"18","A247TCDIBB07JC","Kathryn_6720",2456,"f","f","t",1,"1","1",1,106,0,2,4,18,"Puppet","4.0","1.0","1975","1.0","1.0","4.0","3.0","6.0","6.0","4.0","2.0","4.0","3.0","2.0","4.0","4.0","4.0","4.0","2.0","4.0","1.0","4.0","3.0","2.0","3.0","4.0","1.0","4.0","3.0","1.0","3.0","2.0","2.0","1.0","2.0","2.0","4.0","3.0","COVERT"
"19","A247TCDIBB07JC","Holly_2257",2457,"f","f","t",0,"1","0",5,671,0,16,2,11,"Puppet","4.0","1.0","1975","1.0","1.0","4.0","3.0","6.0","6.0","4.0","2.0","4.0","3.0","2.0","4.0","4.0","4.0","4.0","2.0","4.0","1.0","4.0","3.0","2.0","3.0","4.0","1.0","4.0","3.0","1.0","3.0","2.0","2.0","1.0","2.0","2.0","4.0","3.0","COVERT"
"20","A25XQ0GFZ57PPU","Molly_8684",2293,"f","t","f",0,"0","0",0,0,0,0,0,0,"Observer","4.0","1.0","1971","1.0","1.0","4.0","3.0","4.0","5.0","5.0","4.0","4.0","4.0","4.0","4.0","3.0","4.0","4.0","1.0","3.0","3.0","1.0","4.0","4.0","4.0","3.0","4.0","4.0","3.0","1.0","1.0","1.0","3.0","1.0","1.0","1.0","3.0","3.0",NA
"21","A25ZOL1H79DW0P","Heather_3855",2328,"f","t","f",0,"0","0",0,0,0,0,0,0,"Observer","4.0","1.0","1982","1.0","3.0","5.0","5.0","6.0","6.0","4.0","1.0","4.0","3.0","2.0","2.0","3.0","4.0","4.0","1.0","3.0","1.0","1.0","1.0","1.0","3.0","3.0","3.0","4.0","2.0","2.0","3.0","2.0","4.0","2.0","2.0","1.0","1.0","3.0",NA
"22","A26OOAGHOYSGYF","Katherine_5655",2408,"f","f","t",0,"1","0",3,107,1,2,1,0,"Puppet","4.0","1.0","1996","2.0","1.0","6.0","4.0","6.0","1.0","3.0","1.0","4.0","4.0","2.0","4.0","4.0","4.0","4.0","1.0","4.0","1.0","1.0","4.0","1.0","1.0","3.0","3.0","3.0","2.0","1.0","3.0","3.0","2.0","2.0","2.0","1.0","3.0","3.0","COVERT"
"23","A27KZJJR9201NN","Heather_1039",2603,"f","f","f",0,"0","0",9,729,0,4,6,13,"Participant","4.0","1.0","1985","2.0","2.0","4.0","3.0","4.0","6.0","4.0","3.0","2.0","5.0","1.0","4.0","2.0","3.0","4.0","1.0","3.0","1.0","1.0","1.0","1.0","4.0","4.0","2.0","2.0","3.0","2.0","1.0","2.0","1.0","2.0","1.0","2.0","4.0","1.0",NA
"24","A27OFCQG73Z4UF","Asia_9205",2321,"f","t","f",0,"0","0",0,0,0,0,0,0,"Observer","4.0","1.0","1978","2.0","1.0","6.0","4.0","5.0","3.0","3.0","3.0","4.0","4.0","2.0","1.0","1.0","1.0","4.0","1.0","3.0","1.0","1.0","1.0","2.0","4.0","3.0","1.0","2.0","2.0","1.0","4.0","3.0","2.0","1.0","1.0","1.0","3.0","3.0",NA
"25","A28ANDQ58MEMGW","Molly_9336",2577,"f","f","f",0,"0","0",49,3444,11,8,6,2,"Participant","4.0","1.0","1952","2.0","1.0","3.0","3.0","5.0","9.0","4.0","2.0","1.0","4.0","1.0","1.0","3.0","3.0","3.0","1.0","4.0","3.0","1.0","2.0","3.0","4.0","1.0","4.0","3.0","3.0","1.0","2.0","2.0","4.0","2.0","3.0","2.0","2.0","2.0",NA
"26","A2A6FH0F7LD9ND","Emily_3830",2421,"f","f","t",0,"1","0",9,63,0,0,2,1,"Puppet","4.0","1.0","1963","2.0","1.0","6.0","4.0","2.0","6.0","3.0","1.0","4.0","3.0","2.0","2.0","4.0","4.0","4.0","3.0","4.0","2.0","1.0","3.0","3.0","4.0","4.0","4.0","3.0","2.0","3.0","4.0","2.0","2.0","1.0","2.0","2.0","2.0","3.0","COVERT"
"27","A2A6FH0F7LD9ND","Hannah_6992",2424,"f","f","t",0,"1","0",7,32,0,0,2,0,"Puppet","4.0","1.0","1963","2.0","1.0","6.0","4.0","2.0","6.0","3.0","1.0","4.0","3.0","2.0","2.0","4.0","4.0","4.0","3.0","4.0","2.0","1.0","3.0","3.0","4.0","4.0","4.0","3.0","2.0","3.0","4.0","2.0","2.0","1.0","2.0","2.0","2.0","3.0","COVERT"
"28","A2A6FH0F7LD9ND","Connor_9123",2427,"f","f","t",0,"1","0",6,26,0,0,0,0,"Puppet","4.0","1.0","1963","2.0","1.0","6.0","4.0","2.0","6.0","3.0","1.0","4.0","3.0","2.0","2.0","4.0","4.0","4.0","3.0","4.0","2.0","1.0","3.0","3.0","4.0","4.0","4.0","3.0","2.0","3.0","4.0","2.0","2.0","1.0","2.0","2.0","2.0","3.0","COVERT"
"29","A2A6FH0F7LD9ND","Cole_9336",2423,"f","f","t",0,"1","0",7,146,2,2,4,4,"Puppet","4.0","1.0","1963","2.0","1.0","6.0","4.0","2.0","6.0","3.0","1.0","4.0","3.0","2.0","2.0","4.0","4.0","4.0","3.0","4.0","2.0","1.0","3.0","3.0","4.0","4.0","4.0","3.0","2.0","3.0","4.0","2.0","2.0","1.0","2.0","2.0","2.0","3.0","COVERT"
"30","A2A6FH0F7LD9ND","Jenna_3798",2422,"f","f","t",0,"1","0",3,23,0,0,0,0,"Puppet","4.0","1.0","1963","2.0","1.0","6.0","4.0","2.0","6.0","3.0","1.0","4.0","3.0","2.0","2.0","4.0","4.0","4.0","3.0","4.0","2.0","1.0","3.0","3.0","4.0","4.0","4.0","3.0","2.0","3.0","4.0","2.0","2.0","1.0","2.0","2.0","2.0","3.0","COVERT"
"31","A2A6FH0F7LD9ND","Jake_8222",2426,"f","f","t",1,"1","1",16,196,1,0,6,0,"Puppet","4.0","1.0","1963","2.0","1.0","6.0","4.0","2.0","6.0","3.0","1.0","4.0","3.0","2.0","2.0","4.0","4.0","4.0","3.0","4.0","2.0","1.0","3.0","3.0","4.0","4.0","4.0","3.0","2.0","3.0","4.0","2.0","2.0","1.0","2.0","2.0","2.0","3.0","COVERT"
"32","A2ARIPM4X6WZAK","Allison_3341",2688,"f","f","f",0,"0","0",14,8689,49,58,24,7,"Participant","4.0","1.0","1990","2.0","1.0","1.0","1.0","5.0","4.0","2.0","2.0","1.0","4.0","1.0","1.0","3.0","2.0","3.0","1.0","3.0","1.0","1.0","1.0","2.0","4.0","3.0","2.0","3.0","2.0","1.0","1.0","2.0","1.0","2.0","4.0","1.0","2.0","2.0",NA
"33","A2AYD8G2NV0RNQ","Hannah_8848",2608,"f","f","f",0,"0","0",3,87,0,0,18,18,"Participant","4.0","1.0","1968","1.0","3.0","6.0","4.0","5.0","6.0","5.0","1.0","4.0","4.0","2.0","1.0","3.0","1.0","1.0","1.0","3.0","1.0","1.0","1.0","1.0","3.0","3.0","1.0","3.0","2.0","1.0","4.0","2.0","3.0","1.0","2.0","1.0","2.0","3.0",NA
"34","A2DDLZD87UHANI","Willie_6658",2543,"f","f","t",0,"1","0",8,2860,24,29,9,18,"Puppet","4.0","1.0","1972","2.0","1.0","5.0","4.0","4.0","5.0","3.0","1.0","4.0","4.0","2.0","4.0","2.0","3.0","3.0","1.0","2.0","2.0","1.0","1.0","3.0","4.0","4.0","3.0","4.0","3.0","1.0","3.0","3.0","2.0","1.0","1.0","1.0","1.0","3.0","COVERT"
"35","A2DDLZD87UHANI","Amy_7578",2542,"f","f","t",0,"1","0",4,5451,25,66,11,17,"Puppet","4.0","1.0","1972","2.0","1.0","5.0","4.0","4.0","5.0","3.0","1.0","4.0","4.0","2.0","4.0","2.0","3.0","3.0","1.0","2.0","2.0","1.0","1.0","3.0","4.0","4.0","3.0","4.0","3.0","1.0","3.0","3.0","2.0","1.0","1.0","1.0","1.0","3.0","COVERT"
"36","A2DDLZD87UHANI","Malik_1436",2545,"f","f","t",0,"1","0",5,3788,18,40,13,24,"Puppet","4.0","1.0","1972","2.0","1.0","5.0","4.0","4.0","5.0","3.0","1.0","4.0","4.0","2.0","4.0","2.0","3.0","3.0","1.0","2.0","2.0","1.0","1.0","3.0","4.0","4.0","3.0","4.0","3.0","1.0","3.0","3.0","2.0","1.0","1.0","1.0","1.0","3.0","COVERT"
"37","A2DDLZD87UHANI","Jamal_8048",2544,"f","f","t",0,"1","0",4,726,4,8,9,25,"Puppet","4.0","1.0","1972","2.0","1.0","5.0","4.0","4.0","5.0","3.0","1.0","4.0","4.0","2.0","4.0","2.0","3.0","3.0","1.0","2.0","2.0","1.0","1.0","3.0","4.0","4.0","3.0","4.0","3.0","1.0","3.0","3.0","2.0","1.0","1.0","1.0","1.0","3.0","COVERT"
"38","A2DDLZD87UHANI","Scott_2906",2541,"f","f","t",0,"1","0",5,392,0,3,20,30,"Puppet","4.0","1.0","1972","2.0","1.0","5.0","4.0","4.0","5.0","3.0","1.0","4.0","4.0","2.0","4.0","2.0","3.0","3.0","1.0","2.0","2.0","1.0","1.0","3.0","4.0","4.0","3.0","4.0","3.0","1.0","3.0","3.0","2.0","1.0","1.0","1.0","1.0","3.0","COVERT"
"39","A2DDLZD87UHANI","Malik_3915",2540,"f","f","t",0,"1","0",8,5957,20,42,4,12,"Puppet","4.0","1.0","1972","2.0","1.0","5.0","4.0","4.0","5.0","3.0","1.0","4.0","4.0","2.0","4.0","2.0","3.0","3.0","1.0","2.0","2.0","1.0","1.0","3.0","4.0","4.0","3.0","4.0","3.0","1.0","3.0","3.0","2.0","1.0","1.0","1.0","1.0","3.0","COVERT"
"40","A2EED3HLTA96CP","Luke_88",2691,"f","f","f",2,"0","1",21,2464,34,21,33,26,"Participant","4.0","1.0","1976","2.0","1.0","7.0","5.0","5.0","8.0","1.0","1.0","4.0","5.0","2.0","3.0","3.0","2.0","4.0","1.0","3.0","2.0","1.0","1.0","1.0","1.0","1.0","1.0","1.0","3.0","1.0","3.0","4.0","2.0","1.0","2.0","1.0","1.0","3.0",NA
"41","A2HJYX70UQW9XR","Logan_3614",2330,"f","t","f",0,"0","0",0,0,0,0,0,0,"Observer","4.0","1.0","1969","1.0","1.0","5.0","4.0","4.0","3.0","2.0","1.0","4.0","4.0","2.0","1.0","4.0","3.0","3.0","1.0","4.0","1.0","2.0","1.0","3.0","4.0","4.0","3.0","3.0","2.0","1.0","2.0","3.0","2.0","2.0","2.0","1.0","2.0","3.0",NA
"42","A2I9PUZT19ZBO8","Diamond_8289",2326,"f","t","f",0,"0","0",0,0,0,0,0,0,"Observer","4.0","1.0","1986","1.0","1.0","4.0","3.0","3.0","3.0","2.0","2.0","3.0","4.0","2.0","1.0","4.0","4.0","4.0","2.0","4.0","3.0","1.0","2.0","2.0","4.0","4.0","4.0","3.0","3.0","3.0","2.0","1.0","1.0","2.0","4.0","2.0","4.0","3.0",NA
"43","A2IYR9HF66R029","Kathryn_4635",2296,"f","t","f",0,"0","0",0,0,0,0,0,0,"Observer","4.0","1.0","1988","2.0","1.0","7.0","5.0","4.0","3.0","4.0","1.0","4.0","4.0","2.0","2.0","2.0","3.0","3.0","2.0","4.0","1.0","1.0","1.0","1.0","1.0","1.0","1.0","1.0","3.0","1.0","4.0","2.0","4.0","1.0","1.0","1.0","4.0","3.0",NA
"44","A2JHF7CU91EVXW","Kathryn_3670",2611,"f","f","f",0,"0","0",9,92,0,0,0,0,"Participant","4.0","1.0","1975","1.0","1.0","6.0","5.0","5.0","7.0","3.0","1.0","4.0","3.0","2.0","2.0","4.0","4.0","4.0","2.0","4.0","4.0","2.0","2.0","2.0","4.0","2.0","4.0","4.0","4.0","2.0","4.0","3.0","3.0","1.0","1.0","1.0","2.0","3.0",NA
"45","A2MPOAEQ25ZJAD","Luke_2004",2570,"f","f","f",0,"0","0",4,551,1,5,0,0,"Participant","4.0","1.0","1962","1.0","1.0","4.0","3.0","5.0","5.0","4.0","3.0","3.0","4.0","2.0","2.0","4.0","3.0","3.0","1.0","4.0","1.0","4.0","1.0","4.0","4.0","4.0","1.0","4.0","3.0","2.0","3.0","1.0","3.0","1.0","1.0","1.0","3.0","3.0",NA
"46","A2MYLV7DGUL42B","Jack_9559",2560,"f","f","t",1,"1","1",1,48,0,3,0,24,"Puppet","4.0","1.0","1964","2.0","1.0","2.0","1.0","5.0","7.0","4.0","2.0","2.0","3.0","1.0","2.0","1.0","3.0","3.0","3.0","3.0","3.0","3.0","3.0","3.0","4.0","4.0","3.0","2.0","4.0","2.0","3.0","2.0","2.0","3.0","2.0","1.0","3.0","1.0","UNRESTRICTED"
"47","A2MYLV7DGUL42B","Molly_6880",2562,"f","f","t",0,"1","0",1,9,0,1,0,6,"Puppet","4.0","1.0","1964","2.0","1.0","2.0","1.0","5.0","7.0","4.0","2.0","2.0","3.0","1.0","2.0","1.0","3.0","3.0","3.0","3.0","3.0","3.0","3.0","3.0","4.0","4.0","3.0","2.0","4.0","2.0","3.0","2.0","2.0","3.0","2.0","1.0","3.0","1.0","UNRESTRICTED"
"48","A2MYLV7DGUL42B","Kathryn_2393",2559,"f","f","t",0,"1","0",5,627,1,9,0,19,"Puppet","4.0","1.0","1964","2.0","1.0","2.0","1.0","5.0","7.0","4.0","2.0","2.0","3.0","1.0","2.0","1.0","3.0","3.0","3.0","3.0","3.0","3.0","3.0","3.0","4.0","4.0","3.0","2.0","4.0","2.0","3.0","2.0","2.0","3.0","2.0","1.0","3.0","1.0","UNRESTRICTED"
"49","A2MYLV7DGUL42B","Jacob_7601",2558,"f","f","t",0,"1","0",8,1216,0,15,0,22,"Puppet","4.0","1.0","1964","2.0","1.0","2.0","1.0","5.0","7.0","4.0","2.0","2.0","3.0","1.0","2.0","1.0","3.0","3.0","3.0","3.0","3.0","3.0","3.0","3.0","4.0","4.0","3.0","2.0","4.0","2.0","3.0","2.0","2.0","3.0","2.0","1.0","3.0","1.0","UNRESTRICTED"
"50","A2MYLV7DGUL42B","Bradley_9469",2561,"f","f","t",0,"1","0",1,25,0,3,0,5,"Puppet","4.0","1.0","1964","2.0","1.0","2.0","1.0","5.0","7.0","4.0","2.0","2.0","3.0","1.0","2.0","1.0","3.0","3.0","3.0","3.0","3.0","3.0","3.0","3.0","4.0","4.0","3.0","2.0","4.0","2.0","3.0","2.0","2.0","3.0","2.0","1.0","3.0","1.0","UNRESTRICTED"
"51","A2OX8TSRCU6NKD","Jamal_5796",2649,"f","f","f",0,"0","0",26,1903,7,8,27,22,"Participant","4.0","1.0","1966","2.0","1.0","3.0","2.0","6.0","8.0","3.0","2.0","2.0","5.0","1.0","1.0","4.0","2.0","1.0","1.0","3.0","3.0","1.0","1.0","1.0","4.0","3.0","3.0","4.0","3.0","2.0","2.0","2.0","1.0","2.0","1.0","2.0","2.0","2.0",NA
"52","A2UAHW3Q7S45JP","Raven_8381",2333,"f","t","f",0,"0","0",0,0,0,0,0,0,"Observer","4.0","1.0","1986","2.0","6.0","6.0","6.0","5.0","6.0","3.0","1.0","4.0","4.0","2.0","3.0","3.0","2.0","3.0","1.0","3.0","2.0","3.0","2.0","2.0","3.0","3.0","2.0","1.0","2.0","2.0","4.0","3.0","1.0","1.0","4.0","1.0","3.0","3.0",NA
"53","A2VGFS03KCCR1Q","Diamond_1715",2280,"f","t","f",0,"0","0",0,0,0,0,0,0,"Observer","4.0","1.0","1989","1.0","1.0","4.0","3.0","1.0","2.0","5.0","4.0","2.0","4.0","1.0","4.0","4.0","4.0","4.0","2.0","4.0","2.0","2.0","1.0","1.0","1.0","4.0","3.0","3.0","1.0","1.0","2.0","1.0","3.0","1.0","3.0","2.0","2.0","2.0",NA
"54","A2WUXZOY4CRF5R","Jake_1468",2275,"f","t","f",0,"0","0",0,0,0,0,0,0,"Observer","4.0","1.0","1987","1.0","1.0","4.0","3.0","2.0","6.0","3.0","3.0","4.0","3.0","3.0","4.0","4.0","3.0","2.0","2.0","4.0","1.0","1.0","3.0","1.0","4.0","3.0","2.0","4.0","2.0","2.0","2.0","1.0","2.0","3.0","3.0","1.0","4.0","3.0",NA
"55","A2WYCY1FMQOD5F","Diamond_1228",2580,"f","f","f",1,"0","1",12,6472,18,31,1,53,"Participant","4.0","1.0","1988","1.0","2.0","3.0","2.0","4.0","4.0","3.0","1.0","4.0","3.0","2.0","2.0","4.0","3.0","3.0","2.0","2.0","1.0","1.0","1.0","1.0","2.0","3.0","1.0","3.0","2.0","3.0","3.0","2.0","2.0","3.0","2.0","1.0","2.0","3.0",NA
"56","A2X3O8OGDVDPD6","Kathryn_695",2351,"f","t","f",0,"0","0",0,0,0,0,0,0,"Observer","4.0","1.0","1978","1.0","1.0","6.0","4.0","5.0","7.0","3.0","1.0","4.0","5.0","2.0","3.0","4.0","4.0","4.0","1.0","3.0","2.0","2.0","1.0","2.0","4.0","3.0","3.0","3.0","3.0","2.0","3.0","2.0","3.0","1.0","2.0","1.0","3.0","3.0",NA
"57","A314KKX6ONDO9O","Bradley_9823",2588,"f","f","f",1,"0","1",16,755,3,1,20,53,"Participant","4.0","1.0","1983","2.0","1.0","6.0","2.0","3.0","3.0","4.0","2.0","2.0","2.0","1.0","3.0","4.0","4.0","4.0","1.0","3.0","1.0","1.0","2.0","3.0","2.0","4.0","1.0","3.0","3.0","3.0","3.0","2.0","2.0","1.0","3.0","1.0","3.0","3.0",NA
"58","A3191G66DZEGEB","Cody_5364",2711,"f","f","f",1,"0","1",24,8215,36,55,8,36,"Participant","4.0","1.0","1992","1.0","1.0","2.0","3.0","5.0","6.0","5.0","2.0","2.0","4.0","1.0","3.0","4.0","3.0","3.0","1.0","4.0","3.0","2.0","4.0","4.0","4.0","3.0","1.0","4.0","3.0","2.0","1.0","1.0","1.0","4.0","2.0","2.0","4.0","1.0",NA
"59","A3201SGKC2IXYI","Emily_5181",2596,"f","f","f",0,"0","0",22,2841,4,17,4,24,"Participant","4.0","1.0","1983","1.0","1.0","7.0","3.0","7.0","8.0","3.0","3.0","4.0","5.0","3.0","3.0","2.0","2.0","3.0","1.0","1.0","1.0","1.0","1.0","3.0","4.0","2.0","2.0","2.0","2.0","1.0","3.0","2.0","2.0","2.0","4.0","1.0","2.0","3.0",NA
"60","A32TIY5IZGI28V","Katie_8280",2274,"f","t","f",0,"0","0",0,0,0,0,0,0,"Observer","4.0","1.0","1965","2.0","1.0","5.0","4.0","4.0","8.0","4.0","2.0","3.0","4.0","2.0","2.0","1.0","4.0","4.0","2.0","4.0","4.0","1.0","2.0","2.0","4.0","4.0","4.0","4.0","4.0","1.0","1.0","2.0","3.0","1.0","1.0","1.0","2.0","2.0",NA
"61","A33Z6BHAJUGCHY","Heather_6067",2324,"f","t","f",0,"0","0",0,0,0,0,0,0,"Observer","4.0","1.0","1994","1.0","1.0","7.0","5.0","5.0","5.0","3.0","1.0","4.0","5.0","2.0","3.0","3.0","1.0","4.0","2.0","4.0","1.0","1.0","1.0","2.0","1.0","3.0","1.0","2.0","2.0","1.0","2.0","2.0","1.0","1.0","2.0","1.0","3.0","3.0",NA
"62","A34R3XWXXQSGKC","Diamond_2651",2309,"f","t","f",0,"0","0",0,0,0,0,0,0,"Observer","4.0","1.0","1992","1.0","1.0","1.0","5.0","5.0","6.0","1.0","1.0","3.0","5.0","2.0","1.0","2.0","2.0","2.0","1.0","2.0","1.0","1.0","1.0","1.0","1.0","1.0","1.0","1.0","1.0","1.0","1.0","4.0","2.0","2.0","2.0","2.0","4.0","2.0",NA
"63","A35AMS7DP33RQZ","Connor_1653",2308,"f","t","f",0,"0","0",0,0,0,0,0,0,"Observer","4.0","1.0","1994","2.0","1.0","5.0","3.0","5.0","7.0","4.0","1.0","4.0","3.0","2.0","4.0","4.0","4.0","4.0","2.0","4.0","2.0","3.0","2.0","1.0","3.0","4.0","3.0","3.0","3.0","1.0","2.0","2.0","2.0","1.0","1.0","1.0","4.0","3.0",NA
"64","A36GU3OHGLDS8R","Jenna_2905",2341,"f","t","f",0,"0","0",0,0,0,0,0,0,"Observer","4.0","1.0","1991","1.0","1.0","7.0","5.0","5.0","5.0","2.0","1.0","4.0","4.0","2.0","4.0","4.0","3.0","3.0","1.0","4.0","1.0","1.0","1.0","1.0","1.0","3.0","1.0","3.0","3.0","1.0","2.0","3.0","2.0","1.0","1.0","1.0","4.0","3.0",NA
"65","A38RHRTIP0PYNU","Tanner_8311",2564,"f","f","t",0,"1","0",4,56,0,0,0,0,"Puppet","4.0","1.0","1980","1.0","1.0","3.0","3.0","5.0","7.0","5.0","2.0","2.0","4.0","1.0","2.0","3.0","2.0","2.0","1.0","3.0","2.0","1.0","1.0","2.0","3.0","1.0","1.0","2.0","2.0","2.0","3.0","2.0","4.0","4.0","2.0","2.0","3.0","1.0","OVERT"
"66","A38RHRTIP0PYNU","Cole_6918",2568,"f","f","t",0,"1","0",1,10,0,0,0,0,"Puppet","4.0","1.0","1980","1.0","1.0","3.0","3.0","5.0","7.0","5.0","2.0","2.0","4.0","1.0","2.0","3.0","2.0","2.0","1.0","3.0","2.0","1.0","1.0","2.0","3.0","1.0","1.0","2.0","2.0","2.0","3.0","2.0","4.0","4.0","2.0","2.0","3.0","1.0","OVERT"
"67","A38RHRTIP0PYNU","Molly_6953",2567,"f","f","t",0,"1","0",52,493,0,0,0,0,"Puppet","4.0","1.0","1980","1.0","1.0","3.0","3.0","5.0","7.0","5.0","2.0","2.0","4.0","1.0","2.0","3.0","2.0","2.0","1.0","3.0","2.0","1.0","1.0","2.0","3.0","1.0","1.0","2.0","2.0","2.0","3.0","2.0","4.0","4.0","2.0","2.0","3.0","1.0","OVERT"
"68","A3C8JI69WPTKWH","Carly_8867",2702,"f","f","f",3,"0","1",5,5417,25,52,26,54,"Participant","4.0","1.0","1980","2.0","5.0","4.0","3.0","5.0","5.0","4.0","4.0","3.0","3.0","4.0","2.0","4.0","2.0","4.0","2.0","4.0","2.0","2.0","3.0","2.0","4.0","3.0","2.0","2.0","3.0","1.0","3.0","2.0","4.0","1.0","2.0","1.0","4.0","2.0",NA
"69","A3D8ZG1VV5FO35","Katie_1264",2285,"f","t","f",0,"0","0",0,0,0,0,0,0,"Observer","4.0","1.0","1964","2.0","1.0","5.0","4.0","5.0","8.0","3.0","1.0","4.0","4.0","2.0","1.0","4.0","3.0","4.0","3.0","3.0","4.0","2.0","3.0","4.0","4.0","3.0","3.0","3.0","3.0","2.0","3.0","2.0","2.0","1.0","2.0","1.0","1.0","3.0",NA
"70","A3DAMO1OF24IS9","Bradley_3491",2668,"f","f","f",0,"0","0",0,0,0,0,0,0,"Participant","4.0","1.0","1965","1.0","1.0","1.0","1.0","4.0","7.0","3.0","2.0","2.0","4.0","1.0","1.0","1.0","3.0","1.0","2.0","4.0","1.0","1.0","3.0","3.0","4.0","4.0","1.0","3.0","2.0","3.0","1.0","1.0","1.0","4.0","3.0","2.0","3.0","2.0",NA
"71","A3EYRDEQ7CXUMN","Jenna_214",2593,"f","f","f",0,"0","0",7,9111,23,83,7,87,"Participant","4.0","1.0","1969","1.0","1.0","6.0","4.0","5.0","5.0","3.0","1.0","3.0","5.0","2.0","1.0","1.0","2.0","3.0","1.0","4.0","1.0","1.0","1.0","3.0","4.0","3.0","4.0","4.0","2.0","2.0","3.0","4.0","2.0","2.0","2.0","2.0","2.0","3.0",NA
"72","A3FBC5W56LKQXL","Jenna_4354",2623,"f","f","f",0,"0","0",4,109,0,1,3,2,"Participant","4.0","1.0","1962","2.0","1.0","7.0","5.0","6.0","6.0","1.0","1.0","4.0","5.0","2.0","1.0","3.0","3.0","4.0","2.0","2.0","3.0","1.0","1.0","1.0","4.0","3.0","4.0","4.0","3.0","1.0","2.0","3.0","3.0","1.0","1.0","1.0","3.0","3.0",NA
"73","A3FJ3XMXO8UAJ0","Willie_6344",2339,"f","t","f",0,"0","0",0,0,0,0,0,0,"Observer","4.0","1.0","1981","1.0","5.0","2.0","2.0","5.0","9.0","4.0","2.0","2.0","4.0","1.0","2.0","4.0","3.0","4.0","1.0","4.0","1.0","1.0","2.0","4.0","4.0","3.0","2.0","4.0","2.0","2.0","2.0","1.0","1.0","3.0","2.0","2.0","3.0","3.0",NA
"74","A3GTPW3MYSLMR7","Jack_7615",2317,"f","t","f",0,"0","0",0,0,0,0,0,0,"Observer","4.0","1.0","1978","2.0","1.0","7.0","4.0","5.0","7.0","4.0","1.0","4.0","2.0","2.0","2.0","3.0","3.0","3.0","2.0","3.0","2.0","2.0","3.0","1.0","3.0","1.0","1.0","3.0","3.0","2.0","3.0","2.0","2.0","1.0","1.0","1.0","3.0","3.0",NA
"75","A3GWRDHAURRNK6","Connor_3067",2358,"f","t","f",0,"0","0",0,0,0,0,0,0,"Observer","4.0","1.0","1970","1.0","1.0","3.0","2.0","5.0","7.0","4.0","1.0","2.0","4.0","1.0","3.0","1.0","4.0","4.0","1.0","3.0","3.0","2.0","2.0","1.0","4.0","3.0","3.0","3.0","3.0","3.0","2.0","3.0","1.0","4.0","2.0","2.0","3.0","2.0",NA
"76","A3L5XFNSOY6QET","Raven_1194",2360,"f","t","f",0,"0","0",0,0,0,0,0,0,"Observer","4.0","1.0","1990","1.0","1.0","7.0","5.0","7.0","8.0","1.0","1.0","4.0","5.0","2.0","3.0","3.0","3.0","2.0","1.0","3.0","1.0","1.0","1.0","1.0","2.0","2.0","1.0","4.0","2.0","1.0","4.0","4.0","1.0","1.0","2.0","1.0","1.0","3.0",NA
"77","A3L9K9DZI8LFM4","Luke_2724",2620,"f","f","f",0,"0","0",9,1797,5,4,38,7,"Participant","4.0","1.0","1981","1.0","1.0","5.0","4.0","5.0","6.0","4.0","1.0","3.0","4.0","2.0","1.0","2.0","3.0","3.0","1.0","3.0","1.0","1.0","3.0","1.0","1.0","1.0","2.0","2.0","3.0","2.0","2.0","1.0","4.0","2.0","2.0","2.0","2.0","3.0",NA
"78","A3OHYXTHW11HS7","Luke_3460",2575,"f","f","f",0,"0","0",20,9562,32,78,86,39,"Participant","4.0","1.0","1992","1.0","5.0","4.0","3.0","5.0","5.0","4.0","5.0","3.0","2.0","4.0","3.0","4.0","4.0","4.0","2.0","4.0","1.0","1.0","3.0","2.0","1.0","3.0","1.0","4.0","2.0","4.0","3.0","2.0","2.0","1.0","2.0","2.0","4.0","3.0",NA
"79","A3PRFA3M7OSCT5","Jack_5128",2622,"f","f","f",0,"0","0",58,19498,49,70,18,5,"Participant","4.0","1.0","1963","2.0","1.0","6.0","5.0","5.0","6.0","2.0","1.0","4.0","5.0","2.0","1.0","3.0","4.0","4.0","2.0","2.0","1.0","4.0","1.0","4.0","4.0","4.0","4.0","4.0","2.0","1.0","3.0","3.0","2.0","1.0","1.0","1.0","4.0","3.0",NA
"80","A3R92SZR28XVHP","Asia_8753",2663,"f","f","f",0,"0","0",17,2998,24,26,0,4,"Participant","4.0","1.0","1999","2.0","5.0","5.0","4.0","4.0","6.0","3.0","4.0","4.0","4.0","2.0","3.0","4.0","4.0","4.0","1.0","4.0","1.0","1.0","1.0","1.0","3.0","3.0","1.0","4.0","2.0","2.0","4.0","1.0","2.0","1.0","2.0","1.0","4.0","3.0",NA
"81","A3RB9WPEC9YL2P","Emily_1670",2304,"f","t","f",0,"0","0",0,0,0,0,0,0,"Observer","4.0","1.0","1962","2.0","1.0","6.0","5.0","5.0","4.0","2.0","1.0","4.0","5.0","2.0","1.0","2.0","3.0","3.0","1.0","3.0","1.0","2.0","1.0","2.0","4.0","4.0","3.0","3.0","2.0","1.0","4.0","4.0","3.0","1.0","1.0","1.0","2.0","3.0",NA
"82","A3RVHUY67SVXQV","Lucas_1743",2679,"f","f","f",1,"0","1",15,4670,9,35,0,35,"Participant","4.0","1.0","1987","2.0","1.0","7.0","1.0","5.0","2.0","4.0","1.0","4.0","3.0","2.0","2.0","3.0","4.0","4.0","3.0","4.0","1.0","3.0","1.0","3.0","4.0","2.0","3.0","3.0","1.0","3.0","3.0","1.0","2.0","1.0","1.0","1.0","4.0","3.0",NA
"83","A3U2VUZ2L7HIWG","Raven_5836",2718,"f","f","f",0,"0","0",27,763,6,2,13,22,"Participant","4.0","1.0","1986","2.0","1.0","6.0","5.0","5.0","3.0","3.0","1.0","4.0","5.0","2.0","1.0","2.0","3.0","3.0","1.0","4.0","1.0","1.0","4.0","4.0","4.0","4.0","1.0","4.0","2.0","1.0","4.0","1.0","3.0","1.0","1.0","1.0","2.0","3.0",NA
"84","A53S7J4JGWG38","Lucas_391",2610,"f","f","f",0,"0","0",49,5712,9,6,25,14,"Participant","4.0","1.0","1976","1.0","1.0","7.0","5.0","5.0","6.0","3.0","1.0","4.0","5.0","2.0","1.0","3.0","4.0","4.0","1.0","2.0","1.0","4.0","1.0","2.0","3.0","4.0","4.0","4.0","2.0","1.0","4.0","2.0","3.0","1.0","1.0","1.0","4.0","3.0",NA
"85","A8ZUM922CBH6S","Allison_5893",2665,"f","f","f",0,"0","0",4,4384,19,27,6,31,"Participant","4.0","1.0","1971","1.0","1.0","6.0","4.0","4.0","5.0","2.0","1.0","4.0","3.0","2.0","3.0","4.0","4.0","4.0","1.0","3.0","4.0","4.0","2.0","2.0","4.0","4.0","2.0","4.0","3.0","1.0","4.0","3.0","3.0","1.0","1.0","1.0","3.0","3.0",NA
"86","A98E8M4QLI9RS","Carly_7695",2750,"f","f","f",0,"0","0",6,3247,12,23,36,54,"Participant","4.0","1.0","1966","2.0","1.0","6.0","5.0","4.0","6.0","3.0","1.0","4.0","4.0","2.0","1.0","3.0","3.0","3.0","2.0","3.0","1.0","1.0","2.0","4.0","4.0","3.0","3.0","3.0","2.0","1.0","3.0","3.0","3.0","1.0","1.0","1.0","3.0","3.0",NA
"87","AADRZTXSE7211","Amy_731",2618,"f","f","f",0,"0","0",11,5404,13,32,5,11,"Participant","4.0","1.0","1974","1.0","5.0","6.0","5.0","6.0","9.0","2.0","1.0","4.0","5.0","2.0","1.0","4.0","4.0","4.0","1.0","2.0","3.0","2.0","2.0","1.0","4.0","1.0","1.0","2.0","2.0","1.0","2.0","2.0","3.0","1.0","2.0","1.0","2.0","3.0",NA
"88","AE1YA7Q3UKPRI","Jamal_263",2299,"f","t","f",0,"0","0",0,0,0,0,0,0,"Observer","4.0","1.0","1984","2.0","1.0","4.0","3.0","5.0","7.0","4.0","4.0","4.0","2.0","2.0","4.0","4.0","4.0","4.0","1.0","4.0","1.0","1.0","3.0","2.0","4.0","4.0","4.0","3.0","3.0","1.0","2.0","1.0","3.0","1.0","1.0","1.0","4.0","3.0",NA
"89","AEOVYZ83Q3GX4","Logan_2218",2301,"f","t","f",0,"0","0",0,0,0,0,0,0,"Observer","4.0","1.0","1988","1.0","1.0","4.0","3.0","5.0","6.0","4.0","4.0","3.0","4.0","4.0","2.0","4.0","3.0","4.0","1.0","4.0","1.0","1.0","1.0","1.0","4.0","3.0","2.0","3.0","2.0","1.0","4.0","3.0","3.0","1.0","1.0","1.0","3.0","3.0",NA
"90","AFO9MCOXXSYY7","Heather_8069",2352,"f","t","f",0,"0","0",0,0,0,0,0,0,"Observer","4.0","1.0","1977","2.0","5.0","3.0","2.0","5.0","7.0","2.0","2.0","3.0","4.0","2.0","1.0","3.0","1.0","3.0","2.0","3.0","1.0","1.0","2.0","2.0","2.0","4.0","4.0","4.0","2.0","1.0","4.0","1.0","1.0","1.0","2.0","1.0","4.0","2.0",NA
"91","AJMWTFJTL8RLM","Holly_1739",2288,"f","t","f",0,"0","0",0,0,0,0,0,0,"Observer","4.0","1.0","1984","1.0","1.0","1.0","1.0","3.0","7.0","4.0","2.0","1.0","5.0","1.0","3.0","4.0","3.0","4.0","1.0","4.0","1.0","1.0","1.0","3.0","4.0","4.0","2.0","4.0","2.0","1.0","2.0","1.0","2.0","1.0","1.0","1.0","1.0","1.0",NA
"92","AJZEXCH1TSUE1","Jacob_5910",2654,"f","f","f",1,"0","1",14,4365,17,44,28,24,"Participant","4.0","1.0","2002","1.0","1.0","5.0","4.0","2.0","8.0","4.0","4.0","3.0","4.0","3.0","2.0","3.0","3.0","4.0","1.0","3.0","1.0","2.0","1.0","1.0","1.0","3.0","1.0","4.0","3.0","2.0","3.0","2.0","1.0","2.0","2.0","1.0","3.0","3.0",NA
"93","AK1PBMID4RD59","Heather_253",2687,"f","f","f",0,"0","0",34,7578,64,56,52,29,"Participant","4.0","1.0","1996","1.0","1.0","6.0","5.0","5.0","5.0","4.0","4.0","4.0","5.0","2.0","2.0","3.0","4.0","4.0","1.0","3.0","3.0","3.0","2.0","2.0","1.0","3.0","1.0","3.0","4.0","1.0","3.0","2.0","1.0","1.0","2.0","1.0","4.0","3.0",NA
"94","AKK6H2YXK4RF6","Allison_2019",2627,"f","f","f",0,"0","0",11,3788,30,31,13,17,"Participant","4.0","1.0","1975","2.0","1.0","4.0","3.0","5.0","2.0","5.0","2.0","3.0","3.0","4.0","4.0","2.0","3.0","4.0","1.0","3.0","2.0","2.0","2.0","1.0","4.0","4.0","2.0","2.0","3.0","1.0","4.0","1.0","1.0","1.0","2.0","1.0","1.0","3.0",NA
"95","AKSJ3C5O3V9RB","Heather_6355",2709,"f","f","f",0,"0","0",14,902,3,3,10,30,"Participant","4.0","1.0","1996","2.0","5.0","5.0","4.0","7.0","6.0","2.0","1.0","4.0","5.0","2.0","1.0","2.0","4.0","4.0","1.0","1.0","1.0","2.0","1.0","2.0","3.0","2.0","1.0","2.0","2.0","1.0","1.0","2.0","1.0","2.0","1.0","2.0","2.0","3.0",NA
"96","APRZ7BR8C0ZMQ","Allison_2018",2389,"f","f","t",0,"1","0",15,1013,28,9,18,16,"Puppet","4.0","1.0","1963","1.0","1.0","6.0","5.0","5.0","3.0","2.0","1.0","4.0","5.0","2.0","1.0","1.0","4.0","4.0","3.0","2.0","2.0","1.0","2.0","3.0","4.0","2.0","1.0","2.0","2.0","1.0","3.0","3.0","2.0","1.0","2.0","1.0","2.0","3.0","COVERT"
"97","APRZ7BR8C0ZMQ","Allison_3206",2387,"f","f","t",0,"1","0",19,1846,22,31,30,19,"Puppet","4.0","1.0","1963","1.0","1.0","6.0","5.0","5.0","3.0","2.0","1.0","4.0","5.0","2.0","1.0","1.0","4.0","4.0","3.0","2.0","2.0","1.0","2.0","3.0","4.0","2.0","1.0","2.0","2.0","1.0","3.0","3.0","2.0","1.0","2.0","1.0","2.0","3.0","COVERT"
"98","APRZ7BR8C0ZMQ","Willie_4763",2388,"f","f","t",0,"1","0",15,1642,27,20,25,14,"Puppet","4.0","1.0","1963","1.0","1.0","6.0","5.0","5.0","3.0","2.0","1.0","4.0","5.0","2.0","1.0","1.0","4.0","4.0","3.0","2.0","2.0","1.0","2.0","3.0","4.0","2.0","1.0","2.0","2.0","1.0","3.0","3.0","2.0","1.0","2.0","1.0","2.0","3.0","COVERT"
"99","APRZ7BR8C0ZMQ","Malik_7556",2390,"f","f","t",1,"1","1",7,339,13,8,49,45,"Puppet","4.0","1.0","1963","1.0","1.0","6.0","5.0","5.0","3.0","2.0","1.0","4.0","5.0","2.0","1.0","1.0","4.0","4.0","3.0","2.0","2.0","1.0","2.0","3.0","4.0","2.0","1.0","2.0","2.0","1.0","3.0","3.0","2.0","1.0","2.0","1.0","2.0","3.0","COVERT"
"100","APRZ7BR8C0ZMQ","Jamal_4473",2391,"f","f","t",0,"1","0",17,849,15,8,38,33,"Puppet","4.0","1.0","1963","1.0","1.0","6.0","5.0","5.0","3.0","2.0","1.0","4.0","5.0","2.0","1.0","1.0","4.0","4.0","3.0","2.0","2.0","1.0","2.0","3.0","4.0","2.0","1.0","2.0","2.0","1.0","3.0","3.0","2.0","1.0","2.0","1.0","2.0","3.0","COVERT"
"101","APX27OTNP4SYJ","Claire_8713",2704,"f","f","f",0,"0","0",26,14764,99,111,38,27,"Participant","4.0","1.0","1991","1.0","1.0","5.0","4.0","5.0","6.0","4.0","4.0","4.0","4.0","2.0","3.0","2.0","1.0","4.0","1.0","3.0","1.0","2.0","1.0","1.0","3.0","4.0","1.0","3.0","3.0","1.0","1.0","4.0","1.0","1.0","2.0","1.0","2.0","3.0",NA
"102","ARHBT4K14I7U","Jacob_5169",2319,"f","t","f",0,"0","0",0,0,0,0,0,0,"Observer","4.0","1.0","1969","2.0","1.0","1.0","1.0","2.0","6.0","5.0","2.0","2.0","5.0","1.0","4.0","4.0","1.0","1.0","1.0","4.0","1.0","1.0","4.0","4.0","4.0","4.0","4.0","3.0","2.0","2.0","3.0","3.0","4.0","4.0","3.0","2.0","3.0","1.0",NA
"103","ARI1EMAHUA9PO","Jamal_3690",2531,"f","f","t",0,"1","0",2,217,4,1,7,0,"Puppet","4.0","1.0","1977","1.0","1.0","6.0","5.0","5.0","7.0","2.0","1.0","4.0","5.0","2.0","3.0","4.0","3.0","4.0","1.0","4.0","2.0","1.0","2.0","1.0","3.0","3.0","2.0","2.0","2.0","1.0","1.0","3.0","2.0","1.0","1.0","1.0","4.0","3.0","OVERT"
"104","ARI1EMAHUA9PO","Jacob_5538",2529,"f","f","t",0,"1","0",2,216,3,0,14,1,"Puppet","4.0","1.0","1977","1.0","1.0","6.0","5.0","5.0","7.0","2.0","1.0","4.0","5.0","2.0","3.0","4.0","3.0","4.0","1.0","4.0","2.0","1.0","2.0","1.0","3.0","3.0","2.0","2.0","2.0","1.0","1.0","3.0","2.0","1.0","1.0","1.0","4.0","3.0","OVERT"
"105","ARI1EMAHUA9PO","Molly_5679",2527,"f","f","t",0,"1","0",2,1525,13,26,6,2,"Puppet","4.0","1.0","1977","1.0","1.0","6.0","5.0","5.0","7.0","2.0","1.0","4.0","5.0","2.0","3.0","4.0","3.0","4.0","1.0","4.0","2.0","1.0","2.0","1.0","3.0","3.0","2.0","2.0","2.0","1.0","1.0","3.0","2.0","1.0","1.0","1.0","4.0","3.0","OVERT"
"106","ARI1EMAHUA9PO","Emma_9672",2530,"f","f","t",1,"1","1",13,452,6,0,2,0,"Puppet","4.0","1.0","1977","1.0","1.0","6.0","5.0","5.0","7.0","2.0","1.0","4.0","5.0","2.0","3.0","4.0","3.0","4.0","1.0","4.0","2.0","1.0","2.0","1.0","3.0","3.0","2.0","2.0","2.0","1.0","1.0","3.0","2.0","1.0","1.0","1.0","4.0","3.0","OVERT"
"107","ARLGZWN6W91WD","Molly_7391",2636,"f","f","f",0,"0","0",3,27,0,1,13,7,"Participant","4.0","1.0","1988","2.0","1.0","4.0","3.0","5.0","7.0","3.0","4.0","4.0","4.0","2.0","2.0","2.0","3.0","4.0","2.0","3.0","1.0","1.0","1.0","1.0","1.0","3.0","3.0","3.0","3.0","1.0","2.0","2.0","2.0","2.0","2.0","1.0","3.0","3.0",NA
"108","ARR3UJTM2ZGK4","Jake_5852",2734,"f","f","f",0,"0","0",4,39,0,0,1,20,"Participant","4.0","1.0","1962","2.0","1.0","6.0","5.0","5.0","3.0","1.0","1.0","4.0","4.0","2.0","1.0","1.0","4.0","4.0","3.0","4.0","3.0","1.0","2.0","4.0","4.0","2.0","4.0","3.0","3.0","1.0","3.0","2.0","2.0","1.0","1.0","1.0","2.0","3.0",NA
"109","ARZ8RD515W6E0","Luke_7423",2657,"f","f","f",0,"0","0",4,5707,36,35,1,10,"Participant","4.0","1.0","1984","1.0","1.0","5.0","4.0","3.0","4.0","4.0","1.0","4.0","4.0","2.0","3.0","3.0","3.0","2.0","1.0","3.0","1.0","1.0","4.0","1.0","1.0","4.0","3.0","3.0","3.0","1.0","4.0","1.0","2.0","1.0","3.0","1.0","4.0","3.0",NA
"110","ASQ460H8M8OOT","Willie_8565",2441,"f","f","t",1,"1","1",1,1558,9,28,2,0,"Puppet","4.0","1.0","1964","1.0","1.0","3.0","2.0","3.0","3.0","3.0","2.0","2.0","4.0","1.0","1.0","3.0","3.0","3.0","1.0","3.0","2.0","3.0","3.0","3.0",NA,NA,"3.0","3.0","3.0","3.0","2.0","3.0","2.0","3.0","2.0","1.0","3.0","2.0","OVERT"
"111","ASXFMHGSF0GU6","Diamond_6743",2714,"f","f","f",1,"0","1",11,342,1,2,13,34,"Participant","4.0","1.0","1991","2.0","3.0","4.0","3.0","4.0","2.0","3.0","1.0","3.0","3.0","2.0","2.0","3.0","4.0","3.0","1.0","3.0","1.0","2.0","1.0","1.0","4.0","4.0","1.0","3.0","2.0","2.0","2.0","2.0","3.0","3.0","2.0","1.0","3.0","3.0",NA
"112","AWDVZCZQZFE7K","Dustin_8843",2313,"f","t","f",0,"0","0",0,0,0,0,0,0,"Observer","4.0","1.0","1992","2.0","5.0","4.0","4.0","3.0","6.0","5.0","3.0","4.0","5.0","2.0","4.0","3.0","1.0","2.0","4.0","4.0","1.0","3.0","1.0","2.0","2.0","4.0","2.0","4.0","1.0","1.0","3.0","2.0","2.0","1.0","2.0","1.0","4.0","3.0",NA
"113","AY6EYIDUN6SI1","Luke_8468",2337,"f","t","f",0,"0","0",0,0,0,0,0,0,"Observer","4.0","1.0","1993","2.0","5.0","5.0","3.0","5.0","7.0","3.0","1.0","4.0","2.0","2.0","3.0","3.0","4.0","4.0","2.0","3.0","2.0","1.0","1.0","1.0","3.0","2.0","1.0","3.0","2.0","1.0","3.0","3.0","1.0","1.0","3.0","1.0","2.0","3.0",NA
"114","AYTH0E5PUXWX8","Bradley_629",2350,"f","t","f",0,"0","0",0,0,0,0,0,0,"Observer","4.0","1.0","1992","1.0","1.0","7.0","5.0","6.0","8.0","2.0","1.0","4.0","4.0","2.0","1.0","3.0","3.0","3.0","2.0","2.0","1.0","2.0","1.0","3.0","3.0","3.0","1.0","4.0","2.0","1.0","2.0","3.0","1.0","3.0","1.0","1.0","2.0","3.0",NA
"115","AZTYIBLLB60V8","Tanner_3719",2703,"f","f","f",0,"0","0",15,1198,8,10,21,7,"Participant","4.0","1.0","1976","2.0","1.0","4.0","3.0","5.0","6.0","3.0","1.0","4.0","3.0","2.0","1.0","2.0","2.0","2.0","1.0","2.0","2.0","1.0","2.0","1.0","4.0","4.0","2.0","2.0","3.0","3.0","3.0","3.0","3.0","2.0","2.0","1.0","3.0","3.0",NA
"116",NA,"Willie_4390",2749,"f","t","f",0,"0","0",0,0,0,0,0,0,"Observer",NA,NA,NA,NA,NA,NA,NA,NA,NA,NA,NA,NA,NA,NA,NA,NA,NA,NA,NA,NA,NA,NA,NA,NA,NA,NA,NA,NA,NA,NA,NA,NA,NA,NA,NA,NA,NA,NA,NA
